"contrast","Block_Num","estimate","SE","df","t.ratio","p.value","outcome","comparison_type","p.value.adj"
"YA - OA",2,-41.751164613472,6.45464474000128,58.0000000000043,-6.46839079379972,2.2764137249729e-08,"Total_Time","age_by_block",2.2764137249729e-08
"YA - OA",2.00069492703266,-3.18200346352536,0.490699596854426,57.9997915761727,-6.48462620292176,2.13880017939973e-08,"Orientation_Time","age_by_block",2.13880017939973e-08
"YA - OA",2,-38.5839383120834,6.14559248550051,57.9999999999942,-6.27831057837235,4.7176447652245e-08,"Navigation_Time","age_by_block",4.7176447652245e-08
"YA - OA",2,-146.363083535183,31.2792361146392,58.0000000000039,-4.67924098270042,1.77121716956431e-05,"Distance","age_by_block",1.77121716956431e-05
"YA - OA",2,4.88507309412907,0.846093699668144,57.9999999999974,5.77367860799,3.20839392846167e-07,"Speed","age_by_block",3.20839392846167e-07
"YA - OA",2,-0.280838822053535,0.0981879271249886,57.9999999999978,-2.86021744502295,0.00587573056758104,"Mean_Dwell","age_by_block",0.00587573056758104
"YA - OA",2,-31.643055555556,6.63690940317141,57.9999999999961,-4.76773956571346,1.29383288005846e-05,"Teleportations","age_by_block",1.29383288005846e-05
"YA - OA",2,0.535658242983583,0.201865861762933,58.000000000003,2.65353556220739,0.010260673353045,"Mean_Teleport_Distance","age_by_block",0.010260673353045
